{"type": "block", "layer": 0, "block": 0, "features": [{"geom": {"pts": [[12.739079855390312, -38.34529370209101, 22.643022786453237]], "r": 1.0341679346089354}, "mtl": 0, "prop": ["1", "贺兰山岩画"], "lh": 2.91725792555412}, {"geom": {"pts": [[22.235576923074717, -47.71634615381722, 20.921885124199633]], "r": 1.0341679346089354}, "mtl": 0, "prop": ["2", "岩画村"], "lh": 2.91725792555412}]}