{"type": "block", "layer": 1, "block": 0, "features": [{"geom": {"lines": [[[8.152628062020263, -31.80541879668696, 23.53760462998415], [8.678895591552171, -32.487521475251704, 23.4600063526077], [8.68121284435006, -32.71663911912092, 23.558280410643047], [9.032065540316026, -33.1713719375904, 23.3027265509231], [9.045976765520091, -34.54607866942835, 23.21467286672362], [9.572276951639447, -35.22817477854652, 23.074671550701606], [9.745391798344427, -35.22642126111827, 23.16850669027479], [11.850715247722432, -37.954757579676894, 22.780433397957623], [13.928184700413205, -37.93360681646213, 22.583637785029236], [14.279105119938418, -38.38831117613029, 22.57108666740397], [14.4522288154889, -38.38654447889565, 22.628096411215246], [14.627691579602542, -38.61389546345825, 22.60560268601168], [14.800815906739395, -38.61212779018114, 22.686915196806527], [15.151746543595834, -39.06682736853583, 22.63859989296747], [16.19050004198548, -39.05620525253023, 23.006364198529955], [16.541443431926695, -39.51089705748804, 23.1171644464495], [16.714570270822538, -39.509124025354105, 23.13984334915811], [17.065520047735248, -39.96381297008684, 23.246913338682855], [17.584904354305586, -39.95848801700233, 23.478061159349107], [17.935863064591373, -40.413172135860904, 23.39337806185194], [18.10899242997853, -40.41139519919712, 23.3289576567332], [18.459957527235915, -40.86607645746385, 22.867231792339282], [18.46231071831773, -41.09519479316315, 22.76302315137799], [18.813282213048833, -41.54987421727915, 22.2053201422324], [18.815636688161717, -41.778992625251604, 22.254951274689002], [19.16661458036655, -42.23367021514214, 22.026737805256463], [19.339749043443067, -42.23188983217543, 21.87643955162246], [19.51524054371413, -42.459227431407726, 21.798501188635793], [19.86151072808051, -42.4556642283262, 21.618604803595247], [19.863869053755057, -42.68478271054157, 21.64109140658708], [20.21485971968423, -43.1394545783756, 21.501772042338434], [20.734270702827818, -43.134103169336726, 21.461054357864818], [20.9050455115647, -42.9031998973398, 21.45729917172896], [21.25131818223711, -42.899628910869964, 21.345973660694156], [21.422090410002937, -42.66872423931894, 21.342756201544084], [21.941497438803438, -42.66336268908753, 21.283937415952803], [22.112266439060978, -42.43245613984731, 21.238659735417578], [22.9779414873308, -42.42350813583884, 21.23466417463575], [23.31946915849198, -41.96168892635951, 21.223094141676615], [24.185137615582086, -41.9527240207812, 21.03500899369684], [24.69740976467657, -41.25998471139389, 20.934142450590937], [24.695033477007446, -41.03086658559272, 20.803891442430455], [24.868164572036722, -41.02907072227085, 20.849352519917787], [25.038918091427554, -40.798156290159326, 20.834255211598226], [26.25083108945757, -40.78556832600216, 20.83277735266377], [26.42157879489916, -40.554650104010925, 20.802527538883716], [26.77260628493756, -41.00928422974541, 20.77442685249389], [27.118868349043534, -41.005680383354715, 20.73434482541738], [27.82094376174068, -41.914939067021045, 20.616536321153244], [28.167210897791296, -41.91132934964652, 20.5347341583018], [28.337954696805756, -41.68040569258578, 20.541847467269445], [28.511087610599585, -41.67859962855749, 20.508081061446564], [28.508697207923728, -41.449481592607874, 20.54380073383703], [28.679438431145286, -41.21855704971961, 20.585604555599822], [28.672265301082646, -40.53120321820748, 20.470429489123706], [29.18447547208438, -39.83842724880741, 20.450159674533552], [30.05011420144109, -39.829380229128844, 20.384005010857994], [30.220845116167162, -39.59845162986612, 20.346264410888484], [31.43273459781636, -39.585762095031264, 20.157694952510912], [31.60826359469754, -39.81306505248226, 20.179501384282315], [31.61066554344263, -40.0421827681899, 20.176481566507814], [32.48833291233348, -41.17869061813911, 20.17512656572574], [32.83459592513167, -41.17505476206019, 20.11760936432854], [33.01013450680966, -41.402353939694216, 20.092248948902718], [33.180858917436204, -41.17141696680506, 20.053945694206355], [33.35639877213266, -41.398715161397185, 19.99117230055071], [33.5295308971728, -41.396895045013856, 19.996273584703978], [33.678880221597915, -41.19486835831542, 20.02228212139744]]], "w": 1.45862896277706, "h": 1.0341679346089354}, "mtl": 0, "prop": ["44", "4"]}, {"geom": {"lines": [[[-0.17070805273390888, -13.099532641939806, 26.25190266835557], [0.004630622386125882, -13.326921905299987, 26.30078774913321], [0.0069164143805533485, -13.556037433431298, 26.33370483120701], [0.8836321777472955, -14.692976841002281, 26.444132943563545], [1.056689523037646, -14.691247653140215, 26.42363165709209], [3.3363083765165613, -17.64722894139434, 25.812645601424155], [4.893898759777082, -17.63158699370747, 25.598019531423933], [5.2446399912558945, -18.086337481422774, 26.175753761066645], [5.417706838419933, -18.084596082138493, 26.326242533864484], [5.768454457453953, -18.539343713931636, 26.586529103280547], [5.941522573041702, -18.537600847849774, 26.524907727372604], [6.11228243090467, -18.306741553300775, 26.522795991593973], [6.631484809248223, -18.301508612790673, 26.443394014096317], [6.806863078049197, -18.52887924800286, 26.36087963007164], [6.979931164318542, -18.527133474217955, 26.297897911722824], [7.155311348299287, -18.75450314986912, 26.22162080462272], [7.157623451188943, -18.983619112960447, 26.170782457277493], [7.333005555527605, -19.210988342563212, 25.947152131094693], [7.506075551871572, -19.209241095490714, 25.86447571675311], [7.6814595713902145, -19.436609365607172, 25.627590954536483], [7.510702325202445, -19.667473140989788, 25.34465219070581], [7.513015712341908, -19.896589207354193, 25.116761001354156], [7.342256537190206, -20.127452575635285, 24.862013732112896], [7.344569283335156, -20.356568706397205, 24.79458241198432], [7.173808179219621, -20.587431667576784, 24.754865398259096], [7.176120284370158, -20.81654786288225, 24.797846165510652], [6.834592930460747, -21.278272528046493, 24.812811712913167], [6.836903753403412, -21.50738882334097, 24.781417003597145], [6.663827321953142, -21.509134196589088, 24.805942339697353], [6.493060425694952, -21.73999542243527, 24.775717453658363], [6.49536996606519, -21.969111788545963, 24.68604168573685], [6.670757867797672, -22.196483275597156, 24.631571010408145], [5.4753490856759734, -23.812503302470933, 24.509122385200406], [5.302266199500794, -23.814244863224463, 24.45851016807768], [5.131487719103111, -24.045102617680485, 24.466734542075567], [5.138400952553379, -24.732452826178594, 24.54050106954003], [4.796836280934724, -25.194167218730055, 24.420951184507345], [4.8129581913588515, -26.797985878072616, 24.352707932241284], [5.163749497424208, -27.252739148706766, 24.5843275994348], [5.334536955683166, -27.021880899627423, 24.511903608881873], [5.509934521343151, -27.24925631826548, 24.372142667505827], [5.856119525716386, -27.24577154908947, 23.96324758918925], [5.858426506922032, -27.474888634888757, 23.930383923703438], [6.033827266322955, -27.702262624874614, 23.922136402517424], [5.863040470062764, -27.933122892840863, 23.949220393182465], [6.038442513203101, -28.16049692760477, 23.920030008397596], [6.040750137080753, -28.389614122144906, 23.864711789872743], [6.2161541006519165, -28.61698771049363, 23.809112243984465], [6.220770632948769, -29.075222230705478, 23.75310139036865], [6.571584962961707, -29.52996809019151, 23.731298519703117], [6.917782739965417, -29.526477375425372, 23.760914456638993], [7.093193096123807, -29.75384861954083, 23.688805623955222], [7.095504571438349, -29.982965976864524, 23.67438136464436], [7.621745236525457, -30.665076962827662, 23.523924641799315], [7.624058637667719, -30.894194415691437, 23.566547517911324], [7.974893424076701, -31.348932773012912, 23.564724231707853], [8.147997408371754, -31.34718372847133, 23.489510114708793], [8.152628062020263, -31.80541879668696, 23.53760462998415]]], "w": 1.093971722082795, "h": 1.0341679346089354}, "mtl": 0,